{"cameraMode":{"drawMode":0,"name":"Shaded","section":"Shading Mode"},"sceneLighting":true,"audioPlay":false,"sceneViewState":{"showFog":true,"showMaterialUpdate":false,"showSkybox":true,"showFlares":true,"showImageEffects":true,"showParticleSystems":true,"showVisualEffectGraphs":true,"m_FxEnabled":false},"in2DMode":false,"pivot":{"x":24.775108337402345,"y":-6.663546085357666,"z":16.340347290039064},"rotation":{"x":0.17749187350273133,"y":0.40264713764190676,"z":-0.07990202307701111,"w":0.8944206833839417},"size":21.168886184692384,"orthographic":false}