{"cameraMode":{"drawMode":0,"name":"Shaded","section":"Shading Mode"},"sceneLighting":true,"audioPlay":false,"sceneViewState":{"showFog":true,"showMaterialUpdate":false,"showSkybox":true,"showFlares":true,"showImageEffects":true,"showParticleSystems":true,"showVisualEffectGraphs":true,"m_FxEnabled":false},"in2DMode":false,"pivot":{"x":26.72246551513672,"y":-8.694232940673829,"z":19.543867111206056},"rotation":{"x":0.40034833550453188,"y":-0.002749213483184576,"z":0.001201294711790979,"w":0.9163603186607361},"size":22.386064529418947,"orthographic":false}